family	gene_id	species_id
geneA_ortholog_concordant	G1|A	G1
geneA_ortholog_concordant	G2|A	G2
geneA_ortholog_concordant	G3|A	G3
geneA_ortholog_concordant	G4|A	G4
geneA_ortholog_concordant	G5|A	G5
geneA_ortholog_concordant	G6|A	G6
geneA_ortholog_concordant	G7|A	G7
geneA_ortholog_concordant	G8|A	G8
geneA_ortholog_concordant	G9|A	G9
geneA_ortholog_concordant	G10|A	G10
geneD_singlecopy_discordant	G1|D	G1
geneD_singlecopy_discordant	G3|D	G3
geneD_singlecopy_discordant	G2|D	G2
geneD_singlecopy_discordant	G4|D	G4
geneD_singlecopy_discordant	G5|D	G5
geneD_singlecopy_discordant	G6|D	G6
geneD_singlecopy_discordant	G7|D	G7
geneD_singlecopy_discordant	G8|D	G8
geneD_singlecopy_discordant	G9|D	G9
geneD_singlecopy_discordant	G10|D	G10
geneB_recent_duplication	G1|B1	G1
geneB_recent_duplication	G2|B1	G2
geneB_recent_duplication	G3|B1	G3
geneB_recent_duplication	G3|B2	G3
geneB_recent_duplication	G4|B1	G4
geneB_recent_duplication	G5|B1	G5
geneB_recent_duplication	G6|B1	G6
geneB_recent_duplication	G7|B1	G7
geneB_recent_duplication	G8|B1	G8
geneB_recent_duplication	G9|B1	G9
geneB_recent_duplication	G10|B1	G10
geneC_ancient_duplication_loss	G1|C2	G1
geneC_ancient_duplication_loss	G2|C2	G2
geneC_ancient_duplication_loss	G3|C2	G3
geneC_ancient_duplication_loss	G4|C2	G4
geneC_ancient_duplication_loss	G1|C1	G1
geneC_ancient_duplication_loss	G2|C1	G2
geneC_ancient_duplication_loss	G3|C1	G3
geneC_ancient_duplication_loss	G4|C1	G4
geneC_ancient_duplication_loss	G5|C1	G5
geneC_ancient_duplication_loss	G6|C1	G6
geneC_ancient_duplication_loss	G7|C1	G7
geneC_ancient_duplication_loss	G8|C1	G8
geneC_ancient_duplication_loss	G9|C1	G9
geneC_ancient_duplication_loss	G10|C1	G10
geneP_mixed_pseudoortholog	G1|P2	G1
geneP_mixed_pseudoortholog	G3|P2	G3
geneP_mixed_pseudoortholog	G5|P2	G5
geneP_mixed_pseudoortholog	G7|P2	G7
geneP_mixed_pseudoortholog	G9|P2	G9
geneP_mixed_pseudoortholog	G2|P1	G2
geneP_mixed_pseudoortholog	G4|P1	G4
geneP_mixed_pseudoortholog	G6|P1	G6
geneP_mixed_pseudoortholog	G8|P1	G8
geneP_mixed_pseudoortholog	G10|P1	G10
